date,close,volume,open,high,low
2025-03-13,99.61,2075318,99.66,100.74,99.34
2025-03-12,99.91,2619740,100.89,101.47,99.46
2025-03-11,101.15,2491776,103.57,103.86,100.78
2025-03-10,103.92,2896531,104.27,106.8284,103.72
2025-03-07,104.01,3914591,102.02,104.53,101.63
2025-03-06,102.57,2251663,101.0,102.675,100.1
2025-03-05,101.36,2748780,99.95,101.64,99.95
2025-03-04,99.61,3177065,100.01,101.95,99.46
2025-03-03,100.73,2919065,100.2,102.0,100.14
2025-02-28,99.78,3727268,98.59,100.08,98.44
2025-02-27,98.09,1920297,98.43,99.54,98.0
2025-02-26,98.73,2457275,100.25,100.25,97.67
2025-02-25,100.05,4859695,99.12,101.1,98.75
2025-02-24,98.68,2247467,98.37,99.69,98.17
2025-02-21,98.37,2744956,98.8,99.75,97.935
2025-02-20,99.03,1757205,98.19,99.185,97.85
2025-02-19,98.3,1767918,97.21,98.34,96.98
2025-02-18,97.61,1646992,96.93,97.66,96.68
2025-02-14,96.74,2267827,97.97,98.05,96.58
2025-02-13,98.02,2142451,97.26,98.225,96.76
2025-02-12,96.74,2178417,95.86,96.83,95.5
2025-02-11,96.68,1710351,95.83,96.97,95.63
2025-02-10,96.06,1870343,95.67,96.095,95.2
2025-02-07,94.83,2284306,96.37,96.39,94.5301
2025-02-06,96.05,1756324,94.99,96.06,94.88
2025-02-05,94.55,1421101,94.08,94.875,93.4713
2025-02-04,94.43,1575137,94.93,95.03,93.9
2025-02-03,94.55,2002094,93.99,95.07,92.875
2025-01-31,95.42,1790411,94.84,95.88,94.69
2025-01-30,95.36,2499653,96.93,97.0,94.64
2025-01-29,94.65,3860975,94.07,96.88,91.93
2025-01-28,95.87,3229330,97.21,97.61,95.46
2025-01-27,97.74,2136978,96.83,97.95,96.0
2025-01-24,96.67,1557481,96.2,96.94,96.05
2025-01-23,96.2,2471505,95.5,96.78,95.28
2025-01-22,95.39,1927888,95.19,96.1,94.2692
2025-01-21,95.5,2040981,94.78,95.74,94.62
2025-01-17,94.77,1869845,93.99,94.99,93.66
2025-01-16,93.2,1425170,92.72,93.4,92.06
2025-01-15,92.25,1772966,92.7,93.405,92.07
2025-01-14,91.78,1856681,91.62,91.955,90.87
2025-01-13,91.16,2870672,90.48,91.19,90.12
2025-01-10,90.77,2227635,90.66,91.555,90.52
2025-01-08,91.79,2814117,91.5,91.91,90.37
2025-01-07,92.12,2160271,92.07,93.22,91.85
2025-01-06,92.29,2037745,92.87,93.41,92.15
2025-01-03,92.89,1284673,92.27,93.27,92.18
2025-01-02,92.24,1278425,93.39,93.67,92.08
2024-12-31,92.61,865129,92.8,93.16,92.13
2024-12-30,92.57,1957441,92.9,93.25,91.95
2024-12-27,93.52,789735,93.66,94.37,93.18
2024-12-26,94.15,605068,93.53,94.35,93.44
2024-12-24,94.0,442926,93.34,94.1,92.88
2024-12-23,93.51,1220121,93.16,93.61,92.8409
2024-12-20,93.56,4294174,92.97,94.06,92.68
2024-12-19,92.87,2299509,93.89,95.03,92.766
2024-12-18,93.85,2215325,96.14,96.92,93.81
2024-12-17,96.34,1851307,95.95,97.18,95.5017
2024-12-16,96.19,2225947,98.02,98.09,96.045
2024-12-13,97.79,1471427,98.08,98.53,97.335
2024-12-12,98.27,1780139,98.11,98.49,97.25
2024-12-11,98.99,1587183,100.16,100.83,98.81
2024-12-10,100.06,1914997,100.03,100.8,98.84
2024-12-09,100.87,1864521,100.51,101.62,100.28
2024-12-06,99.8,1475697,99.83,100.44,99.3101
2024-12-05,99.12,1989342,99.75,100.58,99.0
2024-12-04,101.13,1210104,101.02,101.45,100.33
2024-12-03,101.06,1352206,101.97,102.12,100.5714
2024-12-02,101.8,1444469,103.01,103.2299,101.31
2024-11-29,102.98,1060619,102.29,103.21,101.97
2024-11-27,102.52,1373381,102.08,103.005,101.71
2024-11-26,101.97,1179921,102.2,102.43,101.44
2024-11-25,102.46,2312001,101.74,102.845,101.695
2024-11-22,101.2,1819992,99.94,101.81,99.91
2024-11-21,99.95,2564191,99.88,100.54,99.15
2024-11-20,99.69,1881862,100.47,100.73,98.725
2024-11-19,100.28,1755066,100.2,101.18,99.77
2024-11-18,100.77,1854903,98.69,101.02,98.69
2024-11-15,99.1,1855225,99.36,100.22,98.67
2024-11-14,99.72,1980745,100.25,100.79,99.7
2024-11-13,100.39,2324292,99.55,100.82,99.34
2024-11-12,99.73,2451384,101.5,101.72,99.6
2024-11-11,101.52,1612610,100.46,101.81,100.46
2024-11-08,100.03,2688975,100.4,101.7109,99.93
2024-11-07,100.94,1662269,101.1,102.02,100.8
2024-11-06,100.56,2934993,102.62,102.62,98.71
2024-11-05,100.16,1622738,99.43,100.93,99.28
2024-11-04,99.44,1613690,99.75,100.3174,99.14
2024-11-01,99.44,3060559,98.5,100.24,98.44
2024-10-31,98.2,2425483,97.3,99.69,97.28
2024-10-30,98.28,3765340,97.16,99.71,96.15
2024-10-29,101.37,2162877,100.86,101.995,100.63
2024-10-28,101.45,1492591,102.03,102.51,101.1
2024-10-25,101.26,1505356,102.99,103.01,101.125
2024-10-24,102.49,1430478,102.53,103.265,101.82
2024-10-23,102.86,1722019,102.78,103.35,102.25
2024-10-22,102.96,2339937,105.21,105.21,102.905
2024-10-21,105.52,1090989,105.55,106.25,104.98
2024-10-18,106.01,1135171,105.85,106.14,105.25
2024-10-17,105.21,1657055,105.57,106.33,104.94
2024-10-16,105.13,2132661,104.16,105.48,104.0
2024-10-15,104.48,2350494,105.79,106.0,104.43
2024-10-14,105.32,2794614,103.8,106.1025,103.35
2024-10-11,104.03,2408386,103.26,105.365,103.26
2024-10-10,102.98,1817895,102.49,103.23,101.6825
2024-10-09,102.9,1591807,101.12,103.04,100.875
2024-10-08,101.15,2269160,102.68,103.9,100.44
2024-10-07,104.02,1451905,104.09,104.97,103.51
2024-10-04,104.56,1505952,105.14,105.16,103.52
2024-10-03,104.3,2843647,104.63,105.39,103.91
2024-10-02,104.81,2778380,103.49,105.1,102.755
2024-10-01,103.77,2712197,104.09,104.09,102.005
2024-09-30,103.94,3276255,104.44,104.69,103.23
2024-09-27,104.43,3657107,104.0,105.235,103.635
2024-09-26,103.38,3515285,101.5,103.975,101.27
2024-09-25,99.54,1982618,99.1,99.925,98.565
2024-09-24,98.93,3969505,97.72,99.76,97.72
2024-09-23,96.25,2607750,95.57,96.9,95.28
2024-09-20,95.52,7946633,95.76,96.17,95.045
2024-09-19,96.38,2244814,95.18,96.46,94.375
2024-09-18,93.99,2484941,96.5,96.5,93.84
2024-09-17,96.09,1901152,94.85,96.305,94.85
2024-09-16,94.81,1829009,94.68,95.48,94.27
2024-09-13,94.18,1306672,93.07,94.44,92.73
2024-09-12,92.72,1763847,92.51,92.8,91.345
2024-09-11,92.49,1486875,92.11,92.81,90.34
2024-09-10,92.15,1326397,92.08,92.5,91.685
2024-09-09,91.68,2120952,92.11,92.54,91.36
2024-09-06,91.43,1861594,92.28,93.305,91.175
2024-09-05,92.43,1153017,94.16,94.36,91.87
2024-09-04,94.26,1443222,94.95,95.68,93.73
2024-09-03,95.03,2363231,93.98,95.27,93.31
2024-08-30,94.69,1765430,94.05,94.695,93.37
2024-08-29,93.83,1194890,94.0,94.78,93.25
2024-08-28,93.41,978497,93.22,93.86,92.92
2024-08-27,93.13,1301410,93.42,93.74,93.01
2024-08-26,93.65,1085692,94.53,94.72,93.3
2024-08-23,94.2,1063314,94.17,94.78,93.74
2024-08-22,93.72,974686,94.1,94.27,93.4135
2024-08-21,93.96,1360896,93.14,93.99,92.885
2024-08-20,92.75,1521778,92.66,93.07,91.9045
2024-08-19,92.66,2293949,92.2,92.67,91.89
2024-08-16,92.12,1674959,92.43,93.25,91.92
2024-08-15,93.21,2539588,93.01,93.52,92.14
2024-08-14,92.11,1830212,92.35,93.09,91.96
2024-08-13,92.42,1722565,92.65,93.37,91.55
2024-08-12,92.29,1499037,93.44,93.475,92.15
2024-08-09,93.4,1554265,92.53,93.525,91.91
2024-08-08,92.63,2477791,93.18,93.35,92.215
2024-08-07,92.47,2143560,94.21,95.19,92.34
2024-08-06,93.39,3123196,93.76,95.125,93.21
2024-08-05,93.42,3733302,92.84,95.04,92.54
2024-08-02,94.29,3107146,93.61,94.67,92.6
2024-08-01,94.3,2687938,94.5,94.93,93.345
2024-07-31,94.5,2060769,94.61,95.395,94.185
2024-07-30,93.82,2026260,93.49,94.39,92.96
2024-07-29,93.03,1466478,93.41,93.99,92.71
2024-07-26,93.48,2466089,93.9,94.01,91.79
2024-07-25,93.03,4281249,91.5,94.99,90.81
2024-07-24,91.43,5838228,90.205,93.6,90.205
2024-07-23,98.38,2340728,99.27,99.725,98.24
2024-07-22,99.47,1739578,98.77,99.51,97.32
2024-07-19,97.73,2410630,98.97,99.1,97.45
2024-07-18,98.71,2870941,98.19,100.28,98.19
2024-07-17,98.93,1881094,99.36,100.49,98.81
2024-07-16,99.62,2564405,99.56,100.16,98.58
2024-07-15,99.44,2214339,100.25,100.51,99.28
2024-07-12,100.21,1393907,100.0,100.829,99.69
2024-07-11,99.24,2191754,97.32,99.78,96.97
2024-07-10,96.87,1860078,96.2,96.989,95.9
2024-07-09,96.31,2927036,97.11,97.46,96.23
2024-07-08,97.4,1822564,97.34,97.99,96.99
2024-07-05,96.88,1639984,96.31,96.88,95.62
2024-07-03,96.51,1317741,96.36,97.19,96.22
2024-07-02,95.95,1793143,94.8,96.23,94.74
2024-07-01,94.95,2967356,96.61,96.735,94.78
2024-06-28,96.26,4754345,96.56,97.14,95.38
2024-06-27,96.0,1391011,95.59,96.33,95.2
2024-06-26,95.75,2094524,95.01,96.05,94.65
2024-06-25,95.66,1916223,96.8,96.965,95.22
2024-06-24,96.87,1355202,96.25,97.3,95.85
2024-06-21,95.92,2547640,96.65,96.68,95.56
2024-06-20,96.6,1557466,96.14,97.17,95.81
2024-06-18,96.5,2647266,96.84,97.49,94.63
2024-06-17,97.47,1590859,97.1,98.12,96.7119
2024-06-14,97.13,1774294,96.39,97.22,95.7706
2024-06-13,97.44,1307632,97.15,97.59,96.225
2024-06-12,97.45,1616978,97.55,97.99,96.68
2024-06-11,96.5,2041180,97.44,97.475,95.97
2024-06-10,97.75,2339861,98.57,98.855,97.56
2024-06-07,98.66,1916171,99.18,100.03,98.55
2024-06-06,99.41,1508218,100.84,100.84,99.08
2024-06-05,100.78,1740749,99.52,100.79,99.16
2024-06-04,99.21,2059608,98.49,99.49,98.35
2024-06-03,98.83,2469145,99.08,99.24,97.43
2024-05-31,99.2,7140302,96.91,99.46,96.63
2024-05-30,96.39,2657056,94.89,96.55,94.78
2024-05-29,94.79,1668939,94.39,95.315,94.19
2024-05-28,95.25,2176182,97.62,97.76,95.11
2024-05-24,97.57,1345696,97.47,97.66,96.89
2024-05-23,97.13,2439716,99.0,99.0,96.63
2024-05-22,98.7,2101101,97.79,98.71,97.31
2024-05-21,98.15,1869674,96.78,98.2,96.26
2024-05-20,97.08,1288497,96.9,97.195,96.4
2024-05-17,96.79,1627112,96.8,96.83,96.15
2024-05-16,96.56,2517267,96.79,97.2,96.165
2024-05-15,97.27,2144581,97.3,98.23,96.67
2024-05-14,97.07,1606897,97.19,97.81,96.66
2024-05-13,96.59,1746912,97.27,97.47,95.965
2024-05-10,97.1,2485697,96.6,97.18,96.27
2024-05-09,96.13,1800342,94.57,96.18,94.55
2024-05-08,94.52,1664894,93.67,94.66,93.64
2024-05-07,93.89,1705906,93.66,94.21,93.24
2024-05-06,93.09,1319642,92.66,93.12,92.25
2024-05-03,92.12,1788702,92.5,93.14,91.85
2024-05-02,91.77,1958095,91.86,92.09,91.04
2024-05-01,91.43,1937360,91.29,92.83,90.57
2024-04-30,91.2,1997861,92.92,93.29,91.13
2024-04-29,93.37,1769118,92.46,93.82,92.17
2024-04-26,92.2,2314121,93.0,93.69,92.12
2024-04-25,93.02,2219337,93.64,93.95,92.56
2024-04-24,93.37,4222882,96.91,96.91,93.02
2024-04-23,97.47,2074834,96.63,97.72,96.447
2024-04-22,96.29,2007041,95.43,96.87,95.16
2024-04-19,95.11,2339698,95.91,96.29,94.94
2024-04-18,95.49,1966990,95.27,96.29,95.24
2024-04-17,94.96,2506067,96.62,96.62,94.46
2024-04-16,95.98,1192671,95.87,96.41,95.055
2024-04-15,96.05,1475825,97.65,97.815,95.6
2024-04-12,96.16,1537256,97.14,97.322,95.63
2024-04-11,97.97,1474981,97.39,98.05,96.93
2024-04-10,97.3,1238172,97.76,98.345,97.25
2024-04-09,99.12,1718795,98.28,99.16,97.27
2024-04-08,98.03,1449455,98.12,98.34,97.39
2024-04-05,97.77,1595528,97.51,97.89,96.96
2024-04-04,97.18,1879877,98.9,99.09,97.12
2024-04-03,98.25,1374036,97.75,98.56,97.53
2024-04-02,97.75,1411907,98.31,98.525,97.7
2024-04-01,98.57,1226819,99.1,99.57,98.56
2024-03-28,99.27,1587451,100.0,100.045,99.0903
2024-03-27,99.86,1501619,99.15,99.88,98.98
2024-03-26,98.63,1808577,99.04,99.58,98.63
2024-03-25,99.04,1657963,99.46,99.85,98.86
2024-03-22,99.34,1230991,100.35,100.35,99.14
2024-03-21,100.22,1816387,99.4,100.325,98.9592
2024-03-20,99.33,1709656,98.69,99.44,98.275
2024-03-19,98.84,1596350,98.3,98.84,98.14
2024-03-18,98.04,1438070,98.85,99.185,97.97
2024-03-15,98.5,4137755,97.66,98.82,97.66
2024-03-14,98.49,3307054,98.43,98.98,97.8
2024-03-13,98.3,2716497,97.47,98.37,96.81
2024-03-12,97.45,1450737,96.43,97.645,96.13
2024-03-11,96.31,1880376,97.41,97.88,95.855
2024-03-08,97.63,2389743,97.13,97.68,96.79
2024-03-07,96.94,1659540,95.63,97.11,95.41
2024-03-06,95.19,1086798,95.0,95.69,94.76
2024-03-05,94.54,1491360,95.22,95.49,93.99
2024-03-04,95.39,1292268,95.6,95.84,95.17
2024-03-01,95.68,1698906,95.19,95.83,94.65
2024-02-29,95.3,2401560,95.39,95.57,94.58
2024-02-28,94.92,1501722,93.85,95.08,93.74
2024-02-27,93.85,1356163,94.13,94.29,93.22
2024-02-26,93.82,1613371,93.1,93.92,92.98
2024-02-23,93.52,1671568,92.71,93.835,92.65
2024-02-22,92.41,1785086,92.75,92.93,91.655
2024-02-21,91.68,2771064,91.4,91.74,90.81
2024-02-20,91.02,2789956,90.81,91.36,90.5
2024-02-16,91.24,1967582,92.27,92.79,91.16
2024-02-15,92.22,2604640,91.37,92.26,90.94
2024-02-14,90.83,1668589,90.79,90.92,90.22
2024-02-13,90.09,1871838,90.81,90.94,89.37
2024-02-12,91.34,1942036,90.93,91.655,90.93
2024-02-09,91.08,2087331,90.87,91.09,90.28
2024-02-08,90.87,1441222,91.65,91.81,90.47
2024-02-07,91.77,2226228,91.9,92.45,91.48
2024-02-06,91.94,1546497,91.23,91.98,90.86
2024-02-05,90.89,1579960,90.0,91.22,89.89
2024-02-02,90.97,2051541,89.81,91.255,89.29
2024-02-01,89.58,3526479,89.14,89.58,87.57
2024-01-31,88.44,4270449,91.155,92.125,87.88
2024-01-30,90.0,2580988,89.16,90.0,88.8
2024-01-29,89.32,1485439,88.32,89.42,88.27
2024-01-26,88.63,1640057,89.1,89.39,88.495
2024-01-25,88.98,1747306,88.81,89.32,88.38
2024-01-24,88.01,2174231,88.9,88.905,87.97
2024-01-23,88.34,1760873,88.37,88.71,87.66
2024-01-22,87.94,1599746,88.02,88.61,87.86
2024-01-19,87.78,2025176,87.14,88.01,86.4
2024-01-18,86.97,2168644,85.61,87.08,85.61
2024-01-17,85.45,1864218,85.88,86.32,85.42
2024-01-16,86.66,1929092,85.81,86.81,85.64
2024-01-12,86.21,2387959,86.52,86.6775,85.72
2024-01-11,86.12,3190332,87.0,87.135,85.72
2024-01-10,87.0,5041478,86.67,87.245,86.48
2024-01-09,86.9,2953895,87.01,87.2,86.42
2024-01-08,87.56,3187600,87.53,87.94,87.22
2024-01-05,87.51,1930588,87.49,88.07,87.27
2024-01-04,87.68,2128282,87.98,88.42,87.58
2024-01-03,87.65,2146280,88.15,88.37,87.47
2024-01-02,88.43,1660564,88.38,89.15,88.06
2023-12-29,89.47,1091724,89.56,89.92,89.34
2023-12-28,89.67,908904,89.55,90.0,89.42
2023-12-27,89.61,1421595,89.64,90.2,89.435
2023-12-26,89.63,1788817,89.17,89.855,88.53
2023-12-22,89.11,1628269,88.67,89.47,88.3101
2023-12-21,88.4,2394034,88.95,89.21,88.09
2023-12-20,88.27,1995812,89.32,89.88,88.22
2023-12-19,89.82,2702817,89.89,90.4,89.47
2023-12-18,89.49,3078728,90.16,90.23,88.86
2023-12-15,90.19,5291068,90.27,90.53,89.725
2023-12-14,90.67,3603821,90.16,91.03,89.8
2023-12-13,89.41,3047380,89.06,89.85,88.47
2023-12-12,89.04,1616389,88.69,89.33,88.28
2023-12-11,88.51,1448041,87.65,88.52,87.5
2023-12-08,87.5,3062925,86.7,87.77,86.7
2023-12-07,86.66,1678655,86.82,87.19,86.23
2023-12-06,86.45,2032747,86.32,86.94,85.97
2023-12-05,85.84,1803695,86.91,87.23,85.69
2023-12-04,87.24,1516563,86.13,87.27,86.115
2023-12-01,86.75,1662485,85.8,86.96,85.535
2023-11-30,85.79,2902977,84.55,85.87,83.99
2023-11-29,84.33,1714504,84.88,85.21,84.25
2023-11-28,84.3,1637839,85.15,85.16,84.24
2023-11-27,85.2,1423111,84.44,85.43,84.22
2023-11-24,85.04,788800,84.38,85.25,84.28
2023-11-22,84.94,1003252,85.14,85.39,84.6
2023-11-21,84.9,1346221,84.61,85.28,84.355
2023-11-20,84.8,1667519,84.54,85.08,83.66
2023-11-17,84.54,1775320,84.43,84.66,84.05
2023-11-16,83.92,1426928,83.24,84.13,83.21
2023-11-15,83.6,1852092,84.15,84.64,83.57
2023-11-14,83.94,2133546,83.0,84.2,82.43
2023-11-13,81.78,1250802,81.84,82.15,81.21
2023-11-10,82.03,2053417,80.87,82.3,80.64
2023-11-09,80.65,1762091,81.2,81.52,80.49
2023-11-08,80.85,2355544,79.93,81.2,79.73
2023-11-07,79.87,1841693,79.92,80.35,79.54
2023-11-06,80.32,2205138,79.65,80.57,79.44
2023-11-03,79.81,2600565,79.64,80.59,79.559
2023-11-02,78.65,1974404,77.88,78.77,77.51
2023-11-01,76.81,2392191,77.39,77.69,76.22
2023-10-31,77.21,2165054,76.58,77.4,76.47
2023-10-30,76.54,1942452,76.7,76.975,75.78
2023-10-27,76.14,2331072,75.23,76.61,75.16
2023-10-26,75.52,1686966,75.75,76.47,75.26
2023-10-25,75.47,2910940,75.1,76.895,73.32
2023-10-24,77.27,2970440,77.59,78.01,76.65
2023-10-23,76.91,1822242,77.31,78.1,76.73
2023-10-20,77.53,2008110,78.24,78.44,77.405
2023-10-19,78.17,2441572,78.79,79.93,78.0636
2023-10-18,78.85,2440335,80.45,80.5,78.81
2023-10-17,81.07,1172517,80.13,81.28,79.985
2023-10-16,80.51,1212173,80.65,81.0425,80.09
2023-10-13,80.0,1767857,80.59,80.79,79.725
2023-10-12,80.44,1598373,81.36,81.38,80.07
2023-10-11,81.04,1576250,80.35,81.07,80.35
2023-10-10,80.3,1615890,80.16,80.92,79.94
2023-10-09,79.95,1506806,79.11,79.95,78.7
2023-10-06,79.54,2133450,79.02,80.08,78.41
2023-10-05,79.14,1197177,80.02,80.3,78.86
2023-10-04,80.06,1463170,79.56,80.14,78.7859
2023-10-03,79.4,1645229,79.26,80.08,79.05
2023-10-02,79.5,1620969,80.06,80.53,79.16
2023-09-29,80.31,1764095,81.03,81.15,79.97
2023-09-28,80.47,1647871,79.53,80.98,79.14
2023-09-27,79.35,3144489,79.4,79.93,79.13
2023-09-26,79.29,3357439,80.47,80.715,79.21
2023-09-25,80.95,1074176,80.38,81.15,80.15
2023-09-22,80.82,1361505,80.94,81.53,80.71
2023-09-21,80.93,2768866,81.53,81.83,80.78
2023-09-20,81.7,1431954,82.41,82.74,81.57
2023-09-19,82.18,2322220,80.95,82.44,80.92
2023-09-18,81.39,1692235,81.09,81.92,80.94
2023-09-15,81.12,3555142,81.31,81.78,80.71
2023-09-14,81.68,1538824,81.91,82.32,80.93
2023-09-13,81.29,1579428,82.63,82.67,80.77
2023-09-12,82.59,883294,82.43,82.98,82.36
2023-09-11,82.99,1345964,83.15,83.56,82.52
2023-09-08,82.71,1922735,83.01,83.4,82.45
2023-09-07,82.97,2377753,83.77,84.72,82.93
2023-09-06,84.39,2179368,84.23,84.98,84.0
2023-09-05,84.35,1814501,86.07,86.26,84.17
2023-09-01,86.17,1188601,85.96,86.495,85.68
2023-08-31,85.55,1922289,85.78,86.57,85.53
2023-08-30,85.66,1583356,85.93,86.63,85.33
2023-08-29,85.51,1588987,84.56,85.75,84.27
2023-08-28,84.64,1158025,84.16,85.005,84.1
2023-08-25,83.87,2107940,83.55,84.29,82.835
2023-08-24,82.84,1902040,83.47,84.32,82.8
2023-08-23,83.85,1663104,83.22,84.02,82.7
2023-08-22,82.95,1955716,84.0,84.23,82.76
2023-08-21,83.52,1660300,83.7,83.85,82.98
2023-08-18,83.73,1949585,83.18,84.5,83.18
2023-08-17,83.92,2217991,85.37,86.04,83.9
2023-08-16,85.27,2331621,85.61,86.195,84.96
2023-08-15,85.74,2251846,86.43,86.88,85.32
2023-08-14,87.05,2050806,87.21,87.28,86.46
2023-08-11,87.41,1559170,87.32,87.87,87.01
2023-08-10,87.78,1628838,88.13,88.98,87.49
2023-08-09,88.0,1713388,88.83,89.18,87.93
2023-08-08,88.94,1651456,89.52,89.67,88.39
2023-08-07,90.2,1671095,88.94,90.28,88.94
2023-08-04,88.51,1135000,89.9,89.9,88.33
2023-08-03,89.62,1554638,89.22,90.13,88.9
2023-08-02,89.39,1594590,89.52,90.025,88.74
2023-08-01,90.23,1500320,90.17,90.93,89.86
2023-07-31,90.96,1961935,90.18,91.24,90.1
2023-07-28,90.05,2465378,90.52,90.82,89.115
2023-07-27,89.67,3478219,91.33,91.33,89.02
2023-07-26,90.73,4285603,85.93,91.03,85.23
2023-07-25,87.57,2330280,86.5,87.81,86.14
2023-07-24,87.23,1300163,87.53,87.905,87.0
2023-07-21,87.25,1788415,87.28,87.85,86.84
2023-07-20,86.86,2714325,86.49,87.51,85.81
2023-07-19,88.08,1782959,87.55,88.47,86.95
2023-07-18,88.53,1859885,88.66,89.36,88.18
2023-07-17,88.54,1373697,88.46,89.18,88.12
2023-07-14,88.72,930348,88.76,88.96,87.9
2023-07-13,89.06,1250178,88.83,89.42,88.5275
2023-07-12,88.71,2499936,88.2,89.43,87.25
2023-07-11,87.43,1337907,87.75,88.09,87.28
2023-07-10,87.28,1585492,86.97,87.585,86.56
2023-07-07,86.86,2034094,86.12,87.34,86.02
2023-07-06,86.39,1613495,86.97,87.26,86.04
2023-07-05,87.54,1549898,87.92,88.4,87.36
2023-07-03,88.61,689355,88.43,88.65,87.875
2023-06-30,89.01,2776951,89.34,90.11,89.01
2023-06-29,88.61,1106956,87.05,88.64,86.7
2023-06-28,87.51,961956,87.9,87.9,87.16
2023-06-27,87.74,1052903,87.5,87.93,86.95
2023-06-26,87.12,1023166,86.4,87.3829,86.4
2023-06-23,86.37,2143070,85.27,86.56,84.8
2023-06-22,86.07,1542652,87.01,87.01,85.8
2023-06-21,87.0,2063659,86.73,87.66,86.32
2023-06-20,87.08,1541416,87.73,88.065,86.75
2023-06-16,88.62,3054175,88.87,89.3,88.11
2023-06-15,88.54,1495903,87.4,88.73,87.16
2023-06-14,87.51,1854254,87.69,88.05,86.8
2023-06-13,87.2,1724080,86.76,87.72,86.64
2023-06-12,86.5,1570745,85.69,86.67,85.19
2023-06-09,85.66,2064766,85.88,85.97,84.86
2023-06-08,86.09,1503734,87.21,87.495,85.9972
2023-06-07,87.19,2151385,85.31,87.47,85.11
2023-06-06,85.52,1431544,84.5,85.7,84.45
2023-06-05,84.53,1683906,85.53,85.34,84.08
2023-06-02,85.6,3155199,83.14,85.95,83.14
2023-06-01,81.51,2415093,79.73,81.74,79.03
2023-05-31,79.51,6744692,80.9,81.08,79.08
2023-05-30,81.23,1823457,81.95,82.0299,80.9
2023-05-26,81.79,2736376,81.38,81.93,80.91
2023-05-25,81.43,2541795,81.37,81.55,80.7
2023-05-24,81.1,1987486,81.98,82.1088,80.93
2023-05-23,82.24,2892216,83.29,83.6,81.93
2023-05-22,84.08,1553256,84.32,84.81,83.61
2023-05-19,84.56,2092839,85.24,85.24,83.92
2023-05-18,84.5,2172273,83.59,84.635,82.9
2023-05-17,83.75,2546254,83.43,84.08,82.86
2023-05-16,82.94,1812948,84.04,84.04,82.789
2023-05-15,84.51,1389970,84.46,84.68,83.99
2023-05-12,84.4,1437377,84.89,85.3298,83.875
2023-05-11,84.54,1323089,84.84,85.03,84.08
2023-05-10,85.45,1871533,86.01,86.04,84.09
2023-05-09,85.45,1293111,85.66,85.66,85.08
2023-05-08,85.76,1546208,86.05,86.34,85.44
2023-05-05,85.96,1477963,86.15,86.7,85.64
2023-05-04,85.3,1857842,86.04,86.19,85.08
2023-05-03,85.54,1370279,86.77,86.92,85.475
2023-05-02,86.26,1290763,85.87,86.36,84.725
2023-05-01,85.95,1347164,85.63,86.38,85.36
2023-04-28,85.3,1973822,86.21,86.64,85.0
2023-04-27,85.88,2352973,82.83,85.92,82.08
2023-04-26,81.88,2947563,81.9,83.47,81.55
2023-04-25,82.65,2137817,82.99,83.455,82.5
2023-04-24,83.05,1715400,82.58,83.47,82.49
2023-04-21,82.73,1042529,83.26,83.47,81.91
2023-04-20,82.75,1905108,82.27,82.82,81.72
2023-04-19,82.5,1143441,81.67,82.51,81.615
2023-04-18,82.29,2024126,82.8,83.24,82.0401
2023-04-17,82.38,1312742,81.54,82.41,81.49
2023-04-14,81.26,925967,80.975,82.0,80.76
2023-04-13,81.16,1565196,80.66,81.3,79.55
2023-04-12,80.73,1327465,80.15,81.28,79.86
2023-04-11,79.77,1407168,79.56,80.17,79.24
2023-04-10,79.13,1235766,77.95,79.15,76.89
2023-04-06,78.49,1826234,79.09,79.1,77.88
2023-04-05,79.39,1723520,80.11,80.47,79.07
2023-04-04,80.63,2606766,84.1,84.71,80.25
2023-04-03,84.2,1382162,84.27,84.8,83.77
2023-03-31,84.4,2608864,83.59,84.47,83.395
2023-03-30,83.13,1189649,83.11,83.64,82.6933
2023-03-29,82.83,1531369,82.53,83.06,82.14
2023-03-28,81.72,1217202,80.93,81.75,80.77
2023-03-27,80.99,1432821,81.09,81.47,80.51
2023-03-24,80.5,1766863,79.16,80.65,78.53
2023-03-23,80.28,1890274,80.3,81.5036,79.62
2023-03-22,80.64,1464446,82.13,82.49,80.61
2023-03-21,82.31,1237315,82.65,82.93,81.855
2023-03-20,81.78,1624874,80.68,81.89,80.44
2023-03-17,80.04,3538732,81.17,81.24,79.61
2023-03-16,81.51,1858926,80.41,81.64,80.01
2023-03-15,81.16,2710364,82.31,82.63,79.66
2023-03-14,83.43,2292965,83.15,83.94,82.49
2023-03-13,81.94,2497122,81.36,82.985,81.23
2023-03-10,82.15,1962309,84.13,84.13,81.79
2023-03-09,84.15,1731701,85.66,85.76,84.0
2023-03-08,85.34,1703606,85.22,85.64,84.5
2023-03-07,85.14,1952402,86.81,86.81,84.99
2023-03-06,86.65,1704925,86.89,87.33,86.53
2023-03-03,86.93,1292268,86.0,87.06,85.64
2023-03-02,85.67,1415454,85.14,85.975,84.69
2023-03-01,85.23,1914615,84.47,85.56,84.31
2023-02-28,84.62,2963586,83.97,84.99,83.94
2023-02-27,84.0,1362440,83.76,84.52,83.72
2023-02-24,83.63,1889465,83.64,84.02,83.05
2023-02-23,83.97,1371631,83.44,84.14,82.73
2023-02-22,83.37,1671899,83.75,84.13,83.05
2023-02-21,83.06,2365607,83.9,84.31,82.86
2023-02-17,84.76,1800706,83.86,84.81,83.37
2023-02-16,83.59,1427532,83.45,84.17,83.095
2023-02-15,84.57,1182208,84.24,84.65,83.96
2023-02-14,84.33,1887417,84.38,84.87,83.69
2023-02-13,84.38,1758672,83.68,84.61,83.35
2023-02-10,83.22,1906056,82.82,83.43,82.38
2023-02-09,82.81,1745211,84.02,84.25,82.5
2023-02-08,83.53,1724171,83.41,84.02,83.04
2023-02-07,83.63,1641482,83.12,83.82,82.21
2023-02-06,83.67,1500074,83.97,84.85,83.54
2023-02-03,84.73,1580540,83.48,84.85,83.435
2023-02-02,83.86,2274176,85.43,85.54,83.79
2023-02-01,84.56,3058659,82.47,85.12,82.08
2023-01-31,82.23,2543430,81.52,82.23,81.01
2023-01-30,80.96,1334252,80.78,81.52,80.37
2023-01-27,81.2,1457147,80.92,81.6,80.39
2023-01-26,81.08,1353132,81.41,81.46,80.16
2023-01-25,80.96,1448789,81.5,81.5,80.04
2023-01-24,82.11,1542934,80.26,82.525,80.26
2023-01-23,81.35,1104368,80.62,81.785,79.89
2023-01-20,80.81,1787584,80.04,80.84,79.16
2023-01-19,79.65,1552073,81.53,81.77,79.62
2023-01-18,81.79,1876337,83.22,83.4,81.77
2023-01-17,82.98,1946251,83.26,83.49,82.875
2023-01-13,83.25,1271983,82.64,83.3,82.222
2023-01-12,82.9,2503562,82.0,82.99,80.75
2023-01-11,81.9,2683315,82.23,82.23,81.14
2023-01-10,81.67,1975328,81.38,81.77,80.77
2023-01-09,81.47,1652604,81.98,82.925,81.315
2023-01-06,81.85,1555378,80.99,82.05,80.41
2023-01-05,80.13,2136300,80.51,80.81,79.96
2023-01-04,80.77,1611862,79.78,80.87,79.3
2023-01-03,79.12,1317314,78.94,79.46,78.41
2022-12-30,78.31,995953,78.8,78.99,77.55
2022-12-29,79.07,957731,78.04,79.23,77.6
2022-12-28,77.4,882790,78.6,78.75,77.39
2022-12-27,78.51,955362,78.37,78.97,78.01
2022-12-23,78.36,810374,77.9,78.63,77.74
2022-12-22,78.14,1379563,78.56,78.78,77.1
2022-12-21,79.03,1621721,78.44,79.13,77.91
2022-12-20,77.92,1889767,77.9,78.26,77.51
2022-12-19,77.87,1532695,78.63,79.015,77.5716
2022-12-16,78.6,4036941,78.21,78.73,77.7
2022-12-15,78.82,2119441,79.34,79.57,77.99
2022-12-14,80.25,3025928,81.0,81.94,79.9
2022-12-13,80.95,2600884,82.0,82.0,80.58
2022-12-12,80.54,1681212,78.9,80.62,78.52
2022-12-09,78.46,1417236,79.87,80.0,78.355
2022-12-08,79.74,2376748,79.88,80.0,79.055
2022-12-07,79.0,2151254,78.97,79.49,78.36
2022-12-06,79.19,2674043,78.47,79.22,78.25
2022-12-05,78.48,2100225,78.82,79.26,77.84
2022-12-02,79.75,1998314,78.07,80.16,77.52
2022-12-01,78.83,1776688,77.62,78.91,77.34
2022-11-30,78.09,3462101,76.81,78.165,75.52
2022-11-29,76.88,1869023,76.46,77.62,76.14
2022-11-28,76.34,2065831,78.02,78.36,76.195
2022-11-25,78.67,971086,78.54,79.0175,78.22
2022-11-23,78.1,1898030,77.97,78.53,77.51
2022-11-22,78.25,1916324,78.56,78.59,77.6
2022-11-21,78.19,2068824,77.47,78.52,76.805
2022-11-18,77.76,3697558,78.18,78.76,77.42
2022-11-17,77.35,3420825,77.0,77.41,75.71
2022-11-16,78.4,2169657,78.45,79.75,78.33
2022-11-15,78.71,2349083,78.47,79.48,78.19
2022-11-14,77.77,4178882,76.76,79.56,76.72
2022-11-11,77.37,2984532,75.66,78.03,75.615
2022-11-10,75.6,2643463,74.52,76.11,74.52
2022-11-09,72.61,1743202,72.96,73.89,72.54
2022-11-08,73.16,1528100,73.94,74.2,72.6
2022-11-07,73.74,1777414,73.09,73.77,72.69
2022-11-04,73.22,2299001,71.29,73.87,71.29
2022-11-03,70.21,2035020,69.47,71.09,69.12
2022-11-02,70.21,1782943,71.21,72.57,70.2
2022-11-01,71.51,1885243,71.27,72.02,70.73
2022-10-31,70.64,2551864,70.68,71.52,70.24
2022-10-28,71.69,1918388,70.12,71.87,69.85
2022-10-27,70.01,3016937,68.51,71.52,68.4
2022-10-26,68.34,3656729,68.69,69.15,66.78
2022-10-25,68.85,2567053,66.98,68.91,66.98
2022-10-24,67.08,2518266,67.17,67.89,66.79
2022-10-21,66.79,2351057,65.03,66.94,64.3
2022-10-20,64.75,1923236,66.44,66.705,64.67
2022-10-19,66.28,1552325,66.47,66.95,65.66
2022-10-18,66.71,1637234,66.92,67.0,66.0
2022-10-17,65.37,1688550,65.03,65.73,64.81
2022-10-14,64.12,1632929,65.43,66.1,63.83
2022-10-13,65.01,1946388,63.18,65.55,62.49
2022-10-12,64.58,1637569,65.07,65.34,64.565
2022-10-11,64.75,1449160,64.97,65.57,64.48
2022-10-10,65.01,841339,65.8,65.99,64.47
2022-10-07,65.26,1446566,66.17,66.51,64.87
2022-10-06,66.8,1669979,67.22,67.61,66.7
2022-10-05,67.43,1452538,66.42,67.88,66.335
2022-10-04,67.05,2424965,66.46,67.48,66.285
2022-10-03,65.44,1905593,64.72,66.01,64.11
2022-09-30,63.8,2625604,64.53,64.92,63.74
2022-09-29,64.5,1910815,65.22,65.36,63.875
2022-09-28,65.77,2264449,65.73,66.23,64.895
2022-09-27,65.13,1890537,65.94,66.25,64.61
2022-09-26,65.37,2415477,65.48,66.58,64.85
2022-09-23,65.78,2551611,64.99,65.93,64.755
2022-09-22,65.45,1980977,66.58,67.115,65.355
2022-09-21,67.03,1579761,67.93,68.84,67.02
2022-09-20,67.62,1842531,67.83,68.01,66.89
2022-09-19,68.25,2337987,67.45,68.35,67.4
2022-09-16,67.8,3782524,68.17,68.3,67.02
2022-09-15,68.93,2129143,69.9,70.46,68.69
2022-09-14,69.85,2097241,71.05,71.175,69.31
2022-09-13,71.12,1756298,72.27,72.43,70.76
2022-09-12,73.8,1693841,73.99,74.1,72.87
2022-09-09,73.4,1803334,73.18,73.54,72.77
2022-09-08,72.91,1883942,72.94,73.22,72.42
2022-09-07,73.41,1751408,72.21,73.51,71.73
2022-09-06,72.08,1597276,71.7,72.15,70.93
2022-09-02,71.72,1565901,73.46,73.61,71.45
2022-09-01,72.72,1653577,72.14,72.76,71.32
2022-08-31,72.22,3350562,73.2,73.49,71.83
2022-08-30,72.86,2247014,74.13,74.36,72.23
2022-08-29,74.07,1441746,74.75,74.8,73.89
2022-08-26,75.23,1482079,78.39,78.39,75.17
2022-08-25,78.18,1881593,77.71,78.24,77.39
2022-08-24,77.37,1676762,76.96,77.66,76.78
2022-08-23,76.9,1680324,77.13,77.66,76.555
2022-08-22,77.33,2493907,78.07,78.275,77.09
2022-08-19,79.41,1212521,80.03,80.2,78.99
2022-08-18,80.41,1183119,80.54,80.59,80.01
2022-08-17,80.58,1623175,80.52,80.86,80.16
2022-08-16,81.32,1862059,81.24,81.76,80.905
2022-08-15,81.55,2015554,81.26,81.94,81.01
2022-08-12,81.75,1758848,81.06,81.86,80.55
2022-08-11,80.6,1665769,80.71,81.54,80.1
2022-08-10,79.9,1419726,80.0,80.545,79.38
2022-08-09,78.86,1276566,78.9,79.08,78.36
2022-08-08,79.28,1882426,79.8,80.065,79.015
2022-08-05,79.32,1492698,78.91,79.715,78.56
2022-08-04,79.5,2129610,79.58,79.81,79.04
2022-08-03,79.23,2483628,77.85,79.7,77.4585
2022-08-02,77.46,2146675,78.17,78.77,77.4
2022-08-01,78.28,2425713,77.3,79.05,77.3
2022-07-29,78.17,2183052,77.09,78.55,76.39
2022-07-28,76.85,2118315,76.06,77.49,75.91
2022-07-27,76.44,3786533,72.8,76.61,72.8
2022-07-26,72.72,1897796,72.39,72.79,71.59
2022-07-25,72.39,1620763,71.97,72.66,71.71
2022-07-22,71.9,3805271,73.08,73.29,71.38
2022-07-21,72.95,1520885,72.65,73.115,72.25
2022-07-20,72.67,1942411,72.04,72.76,71.1
2022-07-19,71.84,2450518,69.8,71.93,69.75
2022-07-18,68.96,1525857,69.89,70.4835,68.78
2022-07-15,69.51,3010099,69.93,70.15,69.26
2022-07-14,68.99,2793636,67.32,69.02,67.0
2022-07-13,68.4,1635472,68.08,68.95,67.83
2022-07-12,68.84,2430655,68.89,70.2,68.56
2022-07-11,69.0,2116858,69.93,70.17,68.7
2022-07-08,69.89,2485611,70.0,70.37,68.821
2022-07-07,70.09,4386820,68.65,70.21,67.36
2022-07-06,71.26,2440039,71.46,71.78,70.59
2022-07-05,71.37,1936782,70.38,71.49,70.175
2022-07-01,71.9,2096473,70.98,72.245,70.23
2022-06-30,70.67,2822561,68.97,70.91,68.75
2022-06-29,69.78,2728652,69.5,70.2,68.52
2022-06-28,69.79,1877814,70.2,70.85,69.49
2022-06-27,69.92,2327723,71.3,71.37,69.125
2022-06-24,70.86,3453527,68.95,70.9,68.47
2022-06-23,68.59,1791029,68.68,69.52,67.92
2022-06-22,68.76,2621786,68.48,69.12,67.87
2022-06-21,69.87,2506060,68.8,70.11,68.16
2022-06-17,67.88,3669440,67.94,68.74,67.23
2022-06-16,67.95,1818674,68.42,68.485,66.97
2022-06-15,69.76,1629268,69.41,70.77,68.76
2022-06-14,69.21,1859357,70.92,71.205,68.64
2022-06-13,71.1,1860442,71.43,72.2,70.45
2022-06-10,73.29,2314546,74.79,75.03,73.27
2022-06-09,76.0,2505109,76.19,77.16,75.76
2022-06-08,76.34,1926890,75.83,76.94,75.19
2022-06-07,76.49,1582480,74.74,76.56,74.38
2022-06-06,75.2,1019948,75.53,76.06,75.08
2022-06-03,75.19,1415444,74.74,75.32,74.09
2022-06-02,75.24,2133631,74.0,75.36,73.65
2022-06-01,73.97,2383970,74.32,75.17,73.58
2022-05-31,74.4,9765381,75.55,75.655,73.73
2022-05-27,76.3,2837741,75.85,76.62,75.38
2022-05-26,75.08,3380136,74.38,75.57,74.08
2022-05-25,73.53,2854906,74.72,74.92,72.775
2022-05-24,75.49,3071756,74.83,75.88,73.23
2022-05-23,73.87,2473127,73.99,74.775,73.13
2022-05-20,73.44,3017741,73.31,74.36,71.45
2022-05-19,72.59,1780536,71.26,73.49,71.21
2022-05-18,72.21,1899665,74.41,74.87,71.99
2022-05-17,75.46,2742803,75.04,75.46,73.86
2022-05-16,74.34,2101011,74.56,74.86,73.5803
2022-05-13,75.11,2601228,73.83,75.49,73.485
2022-05-12,73.0,2482066,72.52,74.3,71.26
2022-05-11,72.9,3214419,72.71,73.98,72.34
2022-05-10,72.77,2770955,73.87,74.8,71.47
2022-05-09,73.31,2718037,73.29,74.19,72.77
2022-05-06,74.58,2470394,74.23,74.87,72.77
2022-05-05,74.68,2377774,75.49,76.1,73.9353
2022-05-04,76.6,2700809,73.94,76.83,73.26
2022-05-03,73.32,2296959,72.92,73.63,72.468
2022-05-02,72.95,2627356,73.0,74.04,71.33
2022-04-29,72.84,2808100,75.58,75.92,72.57
2022-04-28,76.07,2837432,73.59,76.52,73.44
2022-04-27,73.57,2499916,72.31,74.35,72.31
2022-04-26,72.37,2231463,73.37,73.97,72.19
2022-04-25,74.6,4038917,75.28,76.03,73.06
2022-04-22,73.42,2115477,73.84,74.63,73.32
2022-04-21,75.21,2256151,76.1,76.63,74.84
2022-04-20,75.52,2107786,75.98,76.37,75.29
2022-04-19,75.37,1380356,74.03,75.48,73.87
2022-04-18,73.62,1517120,74.69,75.07,73.12
2022-04-14,74.75,1717041,76.03,76.485,74.7
2022-04-13,75.84,1592641,75.26,76.5,75.26
2022-04-12,75.89,2814162,76.52,77.19,75.49
2022-04-11,76.37,1750386,77.0,77.26,76.16
2022-04-08,77.24,2106957,77.26,78.2,77.11
2022-04-07,77.54,3012172,75.78,77.99,75.78
2022-04-06,76.23,2666190,74.33,76.35,74.16
2022-04-05,75.15,1582892,76.36,76.57,74.9101
2022-04-04,76.64,1872631,76.3,76.75,75.81
2022-04-01,76.28,2591908,76.91,77.2542,75.75
2022-03-31,76.95,2413364,77.61,78.345,76.9
2022-03-30,77.75,1261632,78.0,78.65,77.7
2022-03-29,78.65,1812218,78.7,79.49,78.09
2022-03-28,78.01,2218238,76.96,78.05,76.32
2022-03-25,77.24,1531948,77.61,77.75,76.62
2022-03-24,77.42,1837903,76.38,77.47,75.95
2022-03-23,76.44,1675320,77.13,77.6099,76.25
2022-03-22,77.53,2601819,77.3,78.58,77.3
2022-03-21,77.33,1804970,77.52,78.165,76.42
2022-03-18,77.98,3822487,76.65,78.37,76.52
2022-03-17,76.39,1868180,75.04,76.44,74.99
2022-03-16,75.5,2692821,74.51,76.83,74.0
2022-03-15,73.65,4655611,72.5,73.91,71.95
2022-03-14,71.98,4014863,73.33,73.375,71.07
2022-03-11,72.4,3290834,73.99,74.115,72.27
2022-03-10,73.8,3981056,74.3,74.55,73.3
2022-03-09,75.26,3050225,74.94,76.2,74.76
2022-03-08,73.5,3249808,74.21,75.23,73.48
2022-03-07,74.3,2768449,77.8,78.09,74.25
2022-03-04,77.96,2986713,78.21,78.58,76.66
2022-03-03,79.18,2660939,79.67,80.54,78.7
2022-03-02,78.78,3266199,78.18,79.005,78.05
2022-03-01,77.65,3501571,78.34,78.48,76.56
2022-02-28,78.33,3918456,77.16,78.93,77.16
2022-02-25,78.51,3005323,76.68,78.78,76.46
2022-02-24,76.59,3807048,73.325,76.93,73.1
2022-02-23,74.69,2771000,76.77,76.8,74.16
2022-02-22,76.3,2481366,76.1,77.51,75.88
2022-02-18,76.35,6320258,76.05,76.92,75.34
2022-02-17,76.22,2253451,78.03,78.0999,76.161
2022-02-16,78.87,3305157,78.94,79.32,77.46
2022-02-15,78.79,4126287,81.18,81.68,78.545
2022-02-14,79.75,3898995,79.56,80.25,78.67
2022-02-11,79.64,2494989,81.6,81.84,79.11
2022-02-10,81.55,1926382,82.88,83.33,81.2
2022-02-09,83.77,2131993,84.91,85.114,83.41
2022-02-08,84.07,3294336,82.04,84.26,81.895
2022-02-07,81.66,1790204,82.6,82.9,81.5
2022-02-04,82.44,3508550,81.26,83.23,80.97
2022-02-03,81.85,2902856,82.67,83.63,81.75
2022-02-02,83.27,2889917,83.82,84.312,82.43
2022-02-01,83.56,4970874,85.85,86.37,81.57
2022-01-31,85.43,4710658,81.3,85.695,80.52
2022-01-28,82.77,4367481,82.21,82.82,80.84
2022-01-27,82.61,3093558,82.3,83.42,81.3
2022-01-26,81.52,3633100,83.57,84.62,81.0
2022-01-25,82.97,4027254,81.73,83.63,80.92
2022-01-24,83.23,4451913,81.68,83.35,80.14
2022-01-21,83.11,2844009,82.21,83.9,81.57
2022-01-20,82.21,3534503,83.6,84.1,81.84
2022-01-19,83.1,2632236,84.2,84.44,82.85
2022-01-18,83.89,2640537,83.05,84.15,81.68
2022-01-14,84.18,2870360,84.86,85.645,83.04
2022-01-13,85.76,3365817,87.09,87.68,85.54
2022-01-12,86.95,2864074,86.72,87.34,86.13
2022-01-11,86.24,2334237,85.2,86.29,84.18
2022-01-10,84.66,1940012,83.81,84.69,82.46
2022-01-07,84.36,2351500,84.4,85.27,84.21
2022-01-06,84.71,1641474,84.19,84.98,83.78
2022-01-05,83.83,2656938,86.53,87.105,83.73
2022-01-04,86.22,1739150,85.4,86.46,84.97
2022-01-03,85.57,2209557,87.2,88.22,84.58
2021-12-31,87.07,985595,86.17,87.569,86.17
2021-12-30,86.36,864316,86.87,87.274,86.3
2021-12-29,86.82,1229678,86.22,87.2331,86.22
2021-12-28,86.46,731224,86.49,86.71,86.13
2021-12-27,86.52,674376,85.73,86.54,85.59
2021-12-23,85.25,933058,84.85,85.5883,84.43
2021-12-22,84.31,1014482,84.13,84.56,83.64
2021-12-21,84.18,1415064,83.33,84.28,82.81
2021-12-20,82.33,2440464,83.25,83.25,80.575
2021-12-17,84.16,2875700,85.43,86.67,84.02
2021-12-16,86.51,3345147,85.71,86.865,85.21
2021-12-15,84.92,2011916,85.05,85.385,83.481
2021-12-14,84.81,2178572,85.07,85.4,84.075
2021-12-13,85.38,2502443,86.25,86.64,84.8
2021-12-10,86.08,2378952,86.32,86.57,85.795
2021-12-09,86.19,2406919,86.04,86.61,85.17
2021-12-08,86.21,2923569,85.65,86.516,84.7
2021-12-07,85.7,2092977,85.14,86.26,84.72
2021-12-06,84.01,2046225,83.4,84.49,82.68
2021-12-03,82.8,2236384,83.35,83.6,81.92
2021-12-02,82.85,2224908,80.86,83.0689,80.855
2021-12-01,80.45,2247464,81.7,83.34,80.42
2021-11-30,80.4,2602255,83.08,83.58,80.15
2021-11-29,83.58,1934285,84.11,84.34,82.99
2021-11-26,83.19,1170076,82.93,84.23,82.5
2021-11-24,84.46,1024740,83.65,84.55,82.87
2021-11-23,83.81,1683015,84.0,84.375,83.52
2021-11-22,84.2,1770621,86.25,86.39,83.87
2021-11-19,86.26,2901685,86.44,87.83,86.07
2021-11-18,86.23,2586468,84.79,86.42,84.68
2021-11-17,85.57,2657814,84.36,86.045,84.095
2021-11-16,84.52,1532764,84.56,84.99,84.22
2021-11-15,84.16,1319103,85.5,85.59,83.9374
2021-11-12,85.63,1737688,83.94,85.65,83.31
2021-11-11,83.4,1743481,83.45,83.7,82.77
2021-11-10,83.36,2986305,83.95,84.45,83.19
2021-11-09,83.54,3078861,82.4,83.67,82.07
2021-11-08,82.24,2422427,82.11,82.389,81.3933
2021-11-05,81.71,1500926,82.13,82.71,81.56
2021-11-04,81.84,1943226,80.94,81.86,80.79
2021-11-03,80.61,2306710,81.28,81.82,79.615
2021-11-02,81.11,1465560,81.33,81.45,80.15
2021-11-01,80.92,1846159,80.46,81.16,80.13
2021-10-29,80.31,2870473,79.56,81.48,79.54
2021-10-28,79.92,2435445,79.6,80.16,78.6
2021-10-27,79.72,2896659,80.67,80.83,79.49
2021-10-26,80.27,3657569,82.335,82.6,79.76
2021-10-25,81.86,3623858,81.09,83.95,81.09
2021-10-22,85.63,2678749,85.86,86.71,85.41
2021-10-21,85.35,1917710,84.18,85.39,83.49
2021-10-20,85.46,2339914,84.63,86.46,84.23
2021-10-19,84.42,1387961,84.0,84.74,83.77
2021-10-18,83.32,1452323,83.66,83.869,82.9733
2021-10-15,84.1,1681440,83.92,84.69,83.49
2021-10-14,83.41,2166522,81.96,83.49,81.95
2021-10-13,81.28,1519323,82.24,82.29,81.08
2021-10-12,81.94,2368860,81.81,82.185,81.28
2021-10-11,81.62,2134271,83.23,83.5,81.56
2021-10-08,83.45,1942610,83.91,84.385,82.65
2021-10-07,84.38,2487934,83.94,85.11,83.78
2021-10-06,82.87,1916948,82.79,83.5,81.2104
2021-10-05,83.36,2080906,82.28,83.745,81.85
2021-10-04,81.91,2474937,82.11,83.125,81.58
2021-10-01,82.5,2530445,82.66,83.0,81.05
2021-09-30,82.28,2354761,83.88,84.08,82.27
2021-09-29,83.32,1784609,83.9,84.39,83.11
2021-09-28,83.71,2440734,83.57,84.1559,82.72
2021-09-27,84.23,1614416,84.55,85.135,84.05
2021-09-24,84.86,1874225,85.42,86.145,84.56
2021-09-23,85.74,4250210,84.53,86.81,84.03
2021-09-22,84.29,3488663,83.86,85.55,83.12
2021-09-21,82.0,4208820,83.32,84.12,81.93
2021-09-20,83.18,4458273,84.0,84.4,82.27
2021-09-17,85.02,11038260,87.26,87.45,84.89
2021-09-16,88.2,3171202,90.35,90.35,87.625
2021-09-15,90.35,2868610,90.58,90.58,89.46
2021-09-14,90.36,2113732,90.21,90.83,89.265
2021-09-13,89.95,2013247,91.33,91.71,89.405
2021-09-10,90.55,1494888,91.03,91.24,90.2
2021-09-09,90.48,1610289,90.84,91.26,90.12
2021-09-08,90.72,2312372,89.13,91.06,89.0418
2021-09-07,89.38,2056403,91.57,91.57,89.26
2021-09-03,91.82,1313376,91.89,92.455,91.58
2021-09-02,92.06,1546964,91.9,92.46,91.65
2021-09-01,91.5,1711758,92.19,92.2,90.955
2021-08-31,92.22,2124729,92.37,92.645,91.86
2021-08-30,92.37,868035,92.01,92.84,91.7754
2021-08-27,92.01,1195733,92.11,92.679,91.76
2021-08-26,91.81,1527919,90.92,92.0,90.91
2021-08-25,91.13,2034518,90.77,91.47,90.62
2021-08-24,90.37,2585536,89.86,90.76,89.655
2021-08-23,89.92,2037594,90.54,90.99,89.86
2021-08-20,90.02,3291455,89.83,90.41,89.47
2021-08-19,90.2,1343482,89.57,90.89,89.31
2021-08-18,90.5,2377654,90.47,91.72,90.3
2021-08-17,90.74,1821874,91.43,91.75,90.17
2021-08-16,91.9,2669602,90.75,92.1,90.46
2021-08-13,90.66,2823883,90.26,91.03,90.1
2021-08-12,90.2,1344104,90.43,90.43,89.56
2021-08-11,90.43,1539632,89.91,90.54,89.81
2021-08-10,89.87,1269495,89.89,90.56,89.39
2021-08-09,89.73,1867197,89.82,90.06,88.94
2021-08-06,90.14,1938604,91.03,91.32,89.96
2021-08-05,90.73,1547017,91.15,91.41,90.03
2021-08-04,90.8,1214829,91.0,91.67,90.57
2021-08-03,91.28,1683861,90.11,91.82,90.1
2021-08-02,89.93,1441015,89.68,90.67,89.68
2021-07-30,89.55,1545241,88.84,89.79,88.69
2021-07-29,88.87,2010060,88.35,88.9399,87.87
2021-07-28,87.93,1670168,88.02,88.44,87.27
2021-07-27,88.22,1702123,89.025,89.1564,87.52
2021-07-26,89.06,3098620,89.94,90.1999,86.85
2021-07-23,88.52,1649130,88.08,88.818,87.65
2021-07-22,87.33,2123244,87.0,87.65,86.62
2021-07-21,86.81,1447683,86.25,86.91,86.1479
2021-07-20,86.1,1839214,84.45,86.29,84.14
2021-07-19,84.06,2534142,84.31,84.41,83.02
2021-07-16,84.92,1654800,85.07,85.55,84.87
2021-07-15,85.23,1769157,84.5,85.42,84.5
2021-07-14,84.78,1772096,83.4,84.982,83.4
2021-07-13,83.53,1683234,84.01,84.39,83.3
2021-07-12,83.82,1506718,83.47,83.89,83.24
2021-07-09,83.82,1073260,83.84,84.01,83.23
2021-07-08,83.09,1478171,82.92,83.93,82.46
2021-07-07,84.08,1645409,82.86,84.65,82.32
2021-07-06,82.25,1570298,82.27,82.57,81.7
2021-07-02,82.66,1113070,82.19,82.94,81.85
2021-07-01,82.08,1576084,82.19,82.39,81.7
2021-06-30,81.77,1981789,81.85,82.4099,81.23
2021-06-29,82.08,1843957,81.69,82.47,81.58
2021-06-28,81.66,1939959,81.6,81.75,80.74
2021-06-25,81.65,2532070,81.51,81.91,81.28
2021-06-24,81.37,1679098,80.89,81.7,80.69
2021-06-23,80.82,1276392,81.64,81.66,80.74
2021-06-22,81.37,1757790,81.04,81.81,80.75
2021-06-21,81.04,2582764,80.09,81.1,79.67
2021-06-18,79.5,4490757,79.76,80.17,78.925
2021-06-17,80.47,3734755,80.92,81.19,79.445
2021-06-16,80.63,2578080,81.01,81.31,80.29
2021-06-15,80.99,1341491,80.97,81.27,80.4226
2021-06-14,80.8,1232805,80.57,80.8,80.1301
2021-06-11,80.54,1527791,80.85,80.99,79.7
2021-06-10,80.42,1753190,81.05,81.56,79.79
2021-06-09,80.75,1947285,80.79,81.18,80.33
2021-06-08,80.85,2647566,79.76,80.9499,79.375
2021-06-07,79.61,1723582,80.4,80.805,79.47
2021-06-04,79.87,1643993,79.25,79.92,79.22
2021-06-03,79.14,1949868,78.25,79.43,77.67
2021-06-02,78.27,1863675,78.42,78.76,77.77
2021-06-01,78.41,2207648,79.17,79.8299,78.275
2021-05-28,78.33,1914989,78.48,78.71,77.83
2021-05-27,78.71,2818972,78.15,79.09,77.6902
2021-05-26,77.77,1890137,77.77,78.23,77.55
2021-05-25,77.69,2288635,78.28,78.61,77.66
2021-05-24,78.13,1547763,77.6,78.33,77.21
2021-05-21,77.57,2244986,77.62,78.3,77.28
2021-05-20,77.36,6751450,77.12,77.86,76.86
2021-05-19,77.47,5465695,77.94,78.0,77.03
2021-05-18,78.6,2941248,79.55,79.69,78.57
2021-05-17,79.01,2233955,78.73,79.18,78.1
2021-05-14,78.88,3255341,77.65,79.44,77.41
2021-05-13,77.15,2658311,75.99,77.525,75.82
2021-05-12,76.13,2392724,77.76,77.96,76.11
2021-05-11,77.62,2939228,77.79,78.11,76.85
2021-05-10,78.25,4867424,78.67,79.1,78.03
2021-05-07,78.19,2780651,78.08,78.95,77.91
2021-05-06,78.36,2983462,78.43,78.8792,77.7
2021-05-05,78.06,1535238,78.89,79.24,77.76
2021-05-04,78.72,3402164,78.38,79.56,78.38
2021-05-03,78.4,2739940,78.49,79.1,77.91
2021-04-30,77.87,3659512,78.25,78.67,77.55
2021-04-29,78.69,2492254,78.02,79.12,78.02
2021-04-28,78.0,3492291,79.18,79.5,77.99
2021-04-27,79.0,6143915,76.5,79.26,76.12
2021-04-26,76.27,6077801,76.44,76.88,74.55
2021-04-23,71.28,2574824,71.07,71.98,70.74
2021-04-22,70.95,2415568,71.23,71.75,70.61
2021-04-21,71.04,3080267,70.45,71.08,69.83
2021-04-20,70.47,3682279,71.64,71.69,70.33
2021-04-19,71.03,2641319,70.71,71.385,70.35
2021-04-16,70.58,2548555,71.41,71.41,69.85
2021-04-15,70.97,1495616,70.64,71.24,70.11
2021-04-14,70.4,3099760,71.0,71.075,70.06
2021-04-13,71.12,1513400,70.45,71.235,70.1919
2021-04-12,70.65,1986115,70.62,71.105,70.32
2021-04-09,70.75,3557765,69.68,70.95,69.45
2021-04-08,69.41,1881696,69.49,69.645,68.92
2021-04-07,69.63,7225739,69.86,70.27,69.41
2021-04-06,69.72,1972828,69.5,70.465,68.89
2021-04-05,69.23,1126557,69.08,69.7,68.92
2021-04-01,69.26,1579230,68.89,69.64,68.32
2021-03-31,68.45,3783130,70.02,70.02,68.27
2021-03-30,69.74,2604772,70.07,70.49,69.42
2021-03-29,69.91,2038308,69.83,70.67,69.5
2021-03-26,69.04,1989386,68.16,69.38,67.62
2021-03-25,67.86,1738865,67.41,68.14,66.76
2021-03-24,67.17,1377996,66.88,67.96,66.88
2021-03-23,66.96,1364553,66.42,67.71,66.2
2021-03-22,66.82,1391532,66.81,66.94,65.64
2021-03-19,66.86,3149112,67.89,67.89,66.52
2021-03-18,68.15,2752857,68.15,68.64,67.46
2021-03-17,68.58,1729486,67.99,68.65,67.36
2021-03-16,67.7,2371798,67.12,67.97,66.58
2021-03-15,66.61,1495730,65.94,66.64,65.515
2021-03-12,66.0,1938196,67.65,67.65,65.99
2021-03-11,67.3,2214718,66.1,67.64,65.89
2021-03-10,66.25,1814937,64.67,66.495,64.61
2021-03-09,64.93,2547338,65.69,66.65,64.92
2021-03-08,65.22,1636711,64.97,66.33,64.59
2021-03-05,64.87,2168100,64.52,65.11,62.76
2021-03-04,63.95,3634416,66.83,66.9,63.3396
2021-03-03,67.0,3210772,65.51,67.65,65.07
2021-03-02,65.41,2657493,64.73,65.845,64.33
2021-03-01,64.93,1897938,64.12,65.75,64.07
2021-02-26,63.71,3278262,64.89,64.89,63.59
2021-02-25,64.46,2431957,64.28,64.91,64.01
2021-02-24,64.35,2257336,63.09,64.41,63.03
2021-02-23,63.23,2568275,62.84,63.57,62.56
2021-02-22,63.23,2559972,62.85,63.595,62.52
2021-02-19,63.04,3852745,63.32,63.455,62.94
2021-02-18,63.06,2258367,62.46,63.58,62.31
2021-02-17,62.69,2178566,63.31,63.37,62.6188
2021-02-16,63.19,3228368,64.31,64.34,62.58
2021-02-12,63.93,2021706,62.89,64.54,62.89
2021-02-11,63.43,4298887,65.04,65.2057,62.8852
2021-02-10,65.31,1934156,64.94,65.9,64.6
2021-02-09,64.36,2819294,63.54,64.5929,63.21
2021-02-08,63.73,1787087,63.75,64.53,63.15
2021-02-05,63.93,3697943,62.74,64.2,62.63
2021-02-04,63.29,2303907,63.89,64.13,63.0
2021-02-03,64.05,3542163,64.64,64.87,62.95
2021-02-02,64.64,4327752,65.05,66.78,64.5
2021-02-01,64.55,3731467,65.99,66.01,63.0
2021-01-29,64.65,10353180,65.11,65.99,63.45
2021-01-28,63.83,3235048,62.6,64.82,62.33
2021-01-27,62.24,3241607,62.68,63.01,61.28
2021-01-26,63.51,2742223,64.6,65.09,62.27
2021-01-25,64.22,4500206,64.0,64.61,62.0
2021-01-22,64.88,3546622,63.52,65.21,63.2
2021-01-21,63.52,3945603,65.24,65.24,63.45
2021-01-20,65.19,1737151,65.8,66.5,64.89
2021-01-19,65.37,2489215,66.0,66.45,64.92
2021-01-15,65.53,1841095,64.81,65.69,63.51
2021-01-14,64.94,3088409,64.2,65.37,63.8
2021-01-13,63.97,3172569,65.19,65.535,63.85
2021-01-12,65.23,1722042,66.27,66.8,65.07
2021-01-11,66.36,1506196,66.22,66.79,65.81
2021-01-08,66.83,1914190,67.47,67.97,65.85
2021-01-07,67.78,1542465,67.3,67.955,66.845
2021-01-06,66.91,1595951,65.82,67.33,65.25
2021-01-05,65.1,1366172,65.82,66.42,64.7589
2021-01-04,65.59,2569651,67.55,68.02,65.55
2020-12-31,67.55,1238174,66.86,67.69,66.57
2020-12-30,66.72,1082152,65.79,66.83,65.79
2020-12-29,65.69,1008403,66.31,66.6,65.13
2020-12-28,66.0,786365,66.18,66.6,65.54
2020-12-24,65.79,992052,65.45,65.98,65.29
2020-12-23,65.63,972476,65.49,66.24,65.3
2020-12-22,65.41,1151493,65.84,65.99,65.095
2020-12-21,66.15,2201281,64.94,66.48,64.6
2020-12-18,65.61,4028791,65.99,66.2,64.54
2020-12-17,65.79,1873744,65.75,66.32,65.5
2020-12-16,65.24,1760573,64.93,65.33,64.34
2020-12-15,64.73,2041202,63.11,65.59,62.96
2020-12-14,62.78,1377812,64.49,64.49,62.52
2020-12-11,63.73,2023889,63.33,63.88,62.95
2020-12-10,64.0,2056714,65.21,66.14,63.85
2020-12-09,65.49,1668614,65.75,66.21,65.19
2020-12-08,66.11,2641580,64.78,66.15,64.68
2020-12-07,64.85,1917602,64.98,65.31,64.01
2020-12-04,65.16,2054250,65.65,66.043,64.88
2020-12-03,65.49,1062128,65.77,66.85,65.36
2020-12-02,65.69,1379830,66.92,67.27,65.56
2020-12-01,66.83,2928108,67.42,68.16,66.77
2020-11-30,66.94,1831064,66.84,67.7,66.38
2020-11-27,67.34,1644981,67.55,68.21,66.9
2020-11-25,67.38,1125472,67.44,67.47,66.42
2020-11-24,67.4,4740950,68.04,68.04,66.88
2020-11-23,67.25,1885919,66.64,67.53,66.55
2020-11-20,66.32,1811253,66.09,66.74,66.0
2020-11-19,66.16,1809896,66.63,67.19,65.6
2020-11-18,66.63,2183046,67.31,67.98,66.51
2020-11-17,67.2,1464977,67.16,67.95,66.305
2020-11-16,67.39,2338931,66.22,67.64,65.68
2020-11-13,65.57,1438545,66.24,66.74,65.23
2020-11-12,65.99,1774840,66.18,66.46,65.42
2020-11-11,66.12,1319543,65.86,66.33,64.74
2020-11-10,65.74,2174604,63.38,65.9175,63.32
2020-11-09,63.5,2420172,67.0,67.29,63.43
2020-11-06,63.58,1145797,62.97,63.81,62.67
2020-11-05,62.63,1495660,63.32,63.95,62.59
2020-11-04,62.3,2042703,62.68,63.645,61.95
2020-11-03,62.71,1545985,62.93,63.85,62.08
2020-11-02,62.14,1819091,62.19,62.77,61.09
2020-10-30,61.28,2036607,60.35,61.3,59.8
2020-10-29,60.79,2122637,58.89,61.19,58.8
2020-10-28,58.99,2571050,61.01,61.26,58.77
2020-10-27,61.97,1973150,62.91,63.24,61.86
2020-10-26,63.21,3026045,63.84,63.89,61.37
2020-10-23,63.45,2308615,63.47,64.02,63.12
2020-10-22,63.24,4980345,63.99,63.99,62.98
2020-10-21,63.72,1082601,64.25,64.83,63.71
2020-10-20,64.39,720056,64.68,65.74,64.34
2020-10-19,64.36,910566,64.9,65.44,64.08
2020-10-16,65.03,1047539,65.3,65.81,64.81
2020-10-15,65.2,982889,64.67,65.435,64.01
2020-10-14,65.61,1633760,65.5,66.0,64.53
2020-10-13,65.13,1415922,65.16,65.8,64.6156
2020-10-12,65.69,1185859,65.85,65.985,65.17
2020-10-09,65.35,1187048,65.02,65.67,64.3
2020-10-08,64.71,1213224,64.79,65.51,64.48
2020-10-07,65.05,1648100,64.63,65.62,64.375
2020-10-06,63.83,2106970,64.43,65.0,63.485
2020-10-05,64.54,1447769,63.74,64.63,63.235
2020-10-02,63.16,1447863,61.62,63.44,61.51
2020-10-01,62.37,2342523,62.87,64.22,61.76
2020-09-30,62.42,2494042,62.71,63.6,61.95
2020-09-29,62.41,1448947,62.42,62.76,61.88
2020-09-28,62.51,1233920,62.27,62.88,61.9
2020-09-25,61.55,1557768,61.61,62.35,61.19
2020-09-24,62.08,2375112,60.85,62.75,60.46
2020-09-23,60.41,1733683,60.77,61.77,60.2
2020-09-22,60.99,1841562,58.94,61.12,58.86
2020-09-21,59.41,2512107,60.0,60.22,58.67
2020-09-18,60.88,3806523,61.16,62.64,60.39
2020-09-17,61.04,2219891,58.75,61.09,58.04
2020-09-16,59.79,2457021,60.86,61.01,59.4
2020-09-15,60.3,1629575,60.03,61.62,60.03
2020-09-14,59.99,2420195,60.57,60.57,59.0667
2020-09-11,60.14,2273409,60.26,60.71,59.775
2020-09-10,59.9,3828933,61.98,61.98,59.73
2020-09-09,62.08,1888567,61.03,62.53,61.0
2020-09-08,60.63,2138023,61.43,61.75,60.46
2020-09-04,61.49,2697093,62.5,62.6,60.43
2020-09-03,61.85,3096875,64.88,65.45,61.06
2020-09-02,65.34,1827188,63.73,65.56,63.65
2020-09-01,64.05,2334134,62.52,64.28,62.325
2020-08-31,62.9,1736431,63.61,63.84,62.84
2020-08-28,63.59,1129890,63.27,63.63,62.65
2020-08-27,63.23,1341726,64.47,64.905,63.17
2020-08-26,64.18,1161925,64.28,64.79,63.7477
2020-08-25,64.29,1604343,64.41,64.81,63.905
2020-08-24,63.8,3199942,63.61,64.23,63.04
2020-08-21,63.63,2649469,63.03,63.74,62.59
2020-08-20,62.97,1291462,62.16,63.25,61.81
2020-08-19,62.92,1549081,63.48,63.59,62.59
2020-08-18,63.45,1680153,63.85,64.4,63.375
2020-08-17,63.96,1785590,64.46,64.53,63.71
2020-08-14,64.07,1633916,63.71,64.51,63.6
2020-08-13,64.0,1436187,64.96,64.96,63.83
2020-08-12,64.9,1496578,64.97,65.47,64.22
2020-08-11,64.37,2787721,65.52,65.95,64.33
2020-08-10,65.21,1572675,64.29,65.3,64.29
2020-08-07,64.41,1169123,63.16,64.47,63.16
2020-08-06,63.48,1557463,62.89,63.52,62.865
2020-08-05,63.09,2644969,62.74,63.65,62.34
2020-08-04,62.61,1739425,62.58,62.9,61.97
2020-08-03,63.21,3200490,63.02,63.82,62.74
2020-07-31,62.74,3156178,62.93,63.19,62.18
2020-07-30,63.39,2306996,63.44,64.52,63.15
2020-07-29,64.3,4885387,60.96,64.36,60.96
2020-07-28,60.28,4473631,59.82,61.83,59.7
2020-07-27,58.32,2670339,57.86,58.44,57.6
2020-07-24,58.13,3142148,59.18,59.195,57.63
2020-07-23,59.06,2566689,58.5,59.4675,58.34
2020-07-22,58.48,2034327,57.96,58.93,57.68
2020-07-21,58.44,2314095,58.38,58.94,58.1
2020-07-20,58.56,2407941,58.42,59.65,57.99
2020-07-17,58.55,2983181,58.73,59.03,58.15
2020-07-16,58.32,2628836,58.0,58.56,57.658
2020-07-15,58.2,2358423,58.01,59.0,57.86
2020-07-14,57.37,2755365,56.22,57.45,56.03
2020-07-13,56.89,2882550,56.56,57.94,56.465
2020-07-10,56.98,2137282,56.23,57.31,56.04
2020-07-09,56.11,2424202,56.86,57.94,56.07
2020-07-08,56.92,6694910,57.03,57.15,56.27
2020-07-07,56.82,2537947,56.43,57.31,56.12
2020-07-06,56.86,1999186,57.38,57.58,56.43
2020-07-02,56.5,3162958,56.43,57.24,55.77
2020-07-01,55.78,2400512,57.0,57.0,55.75
2020-06-30,56.86,2518132,55.97,57.1,55.51
2020-06-29,56.57,2257457,55.89,56.8,55.33
2020-06-26,55.79,6634333,56.23,56.48,54.442
2020-06-25,56.2,2942920,55.05,56.5,54.76
2020-06-24,55.54,3022247,56.15,56.97,55.25
2020-06-23,56.8,2386949,57.69,57.87,56.59
2020-06-22,57.06,2027002,56.88,58.18,56.64
2020-06-19,57.0,7095876,58.96,58.96,55.95
2020-06-18,57.49,2137731,56.44,57.68,56.24
2020-06-17,56.74,2441582,58.12,58.19,56.46
2020-06-16,57.85,3510345,59.5,59.8,57.375
2020-06-15,57.67,4464602,54.51,57.8,53.83
2020-06-12,56.04,4313079,57.73,58.98,55.1
2020-06-11,56.25,3294100,56.0,58.07,55.7048
2020-06-10,59.03,2658267,60.61,60.96,59.02
2020-06-09,60.65,4610216,60.4,61.46,59.24
2020-06-08,61.26,5966460,58.68,61.32,58.36
2020-06-05,58.57,4615256,57.83,58.7094,56.0
2020-06-04,55.4,3281334,55.3,56.66,54.69
2020-06-03,55.47,4134479,55.0,55.58,54.55
2020-06-02,54.15,2638267,54.16,54.75,53.29
2020-06-01,54.08,3073320,52.45,54.44,52.11
2020-05-29,52.65,7522913,50.44,52.87,50.18
2020-05-28,50.96,4260743,52.87,52.95,50.93
2020-05-27,52.38,5202304,51.59,52.65,50.77
2020-05-26,50.89,6247010,53.03,53.99,50.7
2020-05-22,51.71,2134337,52.46,52.72,50.9201
2020-05-21,52.03,3813099,52.36,53.55,51.87
2020-05-20,53.18,4755173,52.55,54.7,52.475
2020-05-19,52.31,2050277,51.68,52.9275,51.055
2020-05-18,52.13,4453655,50.12,52.34,50.12
2020-05-15,48.89,2981387,47.32,49.22,47.2
2020-05-14,48.0,4850038,47.61,48.4,47.2304
2020-05-13,48.21,4567104,49.0,50.3,47.885
2020-05-12,49.72,3059907,52.19,52.29,49.69
2020-05-11,51.81,3150608,52.0,52.4,51.06
2020-05-08,52.95,4381849,52.12,54.17,52.11
2020-05-07,51.81,4803320,49.02,53.29,48.99
2020-05-06,48.31,2931809,48.61,49.0,47.89
2020-05-05,48.09,4103610,49.53,50.64,47.96
2020-05-04,49.53,5676627,48.85,49.67,47.51
2020-05-01,49.71,3089700,50.33,50.53,48.31
2020-04-30,50.91,6123786,50.97,51.6,50.5
2020-04-29,51.15,4343893,50.77,51.73,49.71
2020-04-28,49.86,5368208,49.07,50.95,48.65
2020-04-27,48.22,5541214,48.08,48.6,47.61
2020-04-24,47.85,6447126,48.02,48.5,46.31
2020-04-23,47.47,5174889,47.44,48.04,46.48
2020-04-22,47.05,6802088,47.31,49.55,46.0
2020-04-21,45.9,6939729,44.5,47.2,44.5
2020-04-20,45.39,5407460,45.0,46.98,44.9
2020-04-17,46.15,7878054,47.0,48.56,45.92
2020-04-16,45.62,8740244,44.08,46.4067,43.55
2020-04-15,44.55,7935497,44.19,44.85,42.8
2020-04-14,45.89,10152130,45.91,46.3,43.97
2020-04-13,46.0,8545210,48.55,48.67,45.72
2020-04-09,49.14,17355650,44.05,50.25,44.0
2020-04-08,44.09,22265780,42.21,45.2,41.26
2020-04-07,44.28,12146550,45.15,46.99,42.93
2020-04-06,45.94,10294150,47.0,47.85,44.7
2020-04-03,47.32,22551640,43.75,49.3,41.8
2020-04-02,44.0,9264179,45.024,48.66,43.2
2020-04-01,46.7,1206140,45.99,48.5,44.0
2020-03-31,50.0,210314,46.5,50.0,44.78
2020-03-30,50.0,118062,44.25,50.0,44.25
2020-03-27,45.235,263228,45.0,47.5,44.99
2020-03-26,45.0,29072,45.0,47.5,44.25
2020-03-25,41.01,6995,40.0,44.8,38.0
2020-03-24,40.0,77832,40.0,40.0,39.0
2020-03-23,40.0,11888,42.0,42.0,39.98
2020-03-20,45.0,3557,45.01,46.01,45.0
2020-03-19,45.25,7000,40.0,46.0,40.0
